name,language,created_at,updated_at,pushed_at,open_issues,forks_count,description,size,stargazers_count,subscribers_count,watchers,issues_closed,max_time_issue_open,average_time_issue_open,normalized_average_time_open,comments_issues,labels,license,releases_count,last_version_release,last_published_at
reduxjs/react-redux,JavaScript,2015-07-11 17:32:01+00:00,2021-05-11 08:27:07+00:00,2021-05-06 09:30:40+00:00,29,3012,Official React bindings for Redux,4541,20937,446,20937,1671,824 days 14:03:33,14 days 21:34:33.940155,0.01806842886117476,9080,"['bug', 'dependencies', 'docs', 'duplicate', 'enhancement', 'help wanted', 'invalid', 'meta', 'question', 'wontfix']",MIT License,94,v7.2.4,2021-04-24T18:26:05Z
react-navigation/react-navigation,TypeScript,2017-01-26 19:51:40+00:00,2021-05-11 10:08:43+00:00,2021-05-10 11:37:08+00:00,404,4256,Routing and navigation for your React Native apps,41672,19702,335,19702,8960,1103 days 13:45:45,54 days 15:57:49.982690,0.04953468430748814,40000,"['accessibility', 'blocked', 'bug', 'critical', 'discussion required', 'documentation', 'enhancement', 'feature-request', 'first pull request', 'good first issue', 'hactoberfest', 'help wanted', 'invalid', 'library:react-native-gesture-handler', 'library:react-native-reanimated', 'library:react-native-safe-area-context', 'library:react-native-screens', 'needs more info', 'needs repro', 'needs response', 'package:animated-switch', 'package:bottom-tabs', 'package:core', 'package:drawer', 'package:material-bottom-tabs', 'package:material-top-tabs', 'package:native', 'package:stack', 'platform:android', 'platform:ios', 'platform:web', 'platform:windows', 'question', 'repro provided', 'request for comments', 'stale', 'testing', 'tooling', 'typescript', 'version-4', 'wip', 'wontfix']",,855,@react-navigation/native@6.0.0-next.7,2021-05-10T11:37:09Z
akiran/react-slick,JavaScript,2014-11-16 05:14:39+00:00,2021-05-11 09:59:22+00:00,2021-05-07 08:26:22+00:00,362,1852,React carousel component ,2220,9480,125,9480,1662,1090 days 07:26:50,133 days 10:36:56.923586,0.12238926350002041,5818,"['On Deck', 'P1', 'Priority: Low', 'bug', 'code cleanup', 'do-not-merge', 'docs', 'duplicate', 'enhancement', 'example', 'good first issue', 'help wanted', 'individual', 'invalid', 'need-info', 'priority: High', 'provide-codesandbox-to-replicate-issue', 'question', 'queued', 'stale', 'wontfix']",MIT License,39,0.28.0,2021-01-25T04:57:02Z
Hacker0x01/react-datepicker,JavaScript,2014-06-22 07:40:48+00:00,2021-05-11 07:20:21+00:00,2021-05-11 07:28:59+00:00,227,1718,A simple and reusable datepicker component for React,34178,5705,79,5705,2727,1644 days 03:11:26,145 days 02:08:20.202053,0.08824654982527334,8345,"['Hacktoberfest', 'Major release', 'Waiting for rebase', 'api break', 'bug', 'dependencies', 'discussion', 'docs', 'duplicate', 'enhancement', 'failing build', 'help wanted', 'invalid', 'needs more info', 'question', 'wontfix']",MIT License,156,v3.8.0,2021-04-19T19:28:46Z
vercel/next.js,JavaScript,2016-10-05 23:32:51+00:00,2021-05-11 11:21:26+00:00,2021-05-11 11:05:04+00:00,954,12421,The React Framework,64585,66800,1178,66800,16428,1548 days 10:03:47,26 days 23:32:12.433291,0.01742465070479395,40000,"['dependencies', 'good first issue', 'hacktoberfest-accepted', 'kind: bug', 'kind: story', 'please add a complete reproduction', 'point: 0', 'point: 1', 'point: 13', 'point: 2', 'point: 21', 'point: 3', 'point: 5', 'point: 8', 'priority: p0', 'priority: p1', 'priority: p2', 'priority: p3', 'priority: p4', 'priority: stretch', 'spam', 'template: bug', 'template: story', 'type: chrome', 'type: create-next-app', 'type: documentation', 'type: example', 'type: experimental', 'type: feature request', 'type: needs investigation', 'type: next', 'type: upstream', 'type: website']",MIT License,1013,v10.2.1-canary.5,2021-05-11T07:25:36Z
JedWatson/react-select,TypeScript,2014-08-26 04:27:45+00:00,2021-05-11 08:21:49+00:00,2021-05-11 06:39:40+00:00,164,3699,The Select Component for React.js,19299,22504,230,22504,4333,2042 days 02:34:34,349 days 16:08:15.238172,0.17123113174726576,17949,"['after-typescript', 'awaiting-author-response', 'category/accessibility', 'category/dependencies', 'category/documentation', 'category/question', 'category/testing', 'category/versioning', 'dependencies', 'issue/bug-confirmed', 'issue/bug-unconfirmed', 'issue/enhancement', 'issue/has-pr', 'issue/needs-review', 'issue/reviewed', 'pr/bug-fix', 'pr/enhancement', 'pr/in-review', 'pr/menu', 'pr/needs-review', 'pr/priority', 'pr/ready']",MIT License,21,react-select@4.3.0,2021-03-19T18:19:27Z
react-bootstrap/react-bootstrap,JavaScript,2013-12-27 19:06:07+00:00,2021-05-12 01:45:00+00:00,2021-05-12 00:32:54+00:00,145,3096,Bootstrap components built with React,28005,19373,454,19373,5651,1312 days 18:26:47,27 days 20:05:05.399575,0.021204659691897047,17662,"['Bootstrap 3', 'Bootstrap 4', 'Bootstrap 5', 'Hacktoberfest', 'Issue Taken!', 'PR welcome', 'WIP', 'accessibility', 'bug', 'dependencies', 'difficulty: easy', 'difficulty: hard', 'difficulty: medium', 'docs', 'duplicate', 'enhancement', 'help wanted', 'invalid', 'needs more info', 'question', 'roadmap', 'security', 'spam', 'types', 'upstream', 'wontfix']",MIT License,11,v1.6.0,2021-05-11T00:15:14Z
bvaughn/react-virtualized,JavaScript,2015-11-03 00:48:07+00:00,2021-05-12 02:08:52+00:00,2021-05-06 18:04:01+00:00,391,2675,React components for efficiently rendering large lists and tabular data,48000,21681,262,21681,1248,1229 days 22:16:27,15 days 00:34:58.118589,0.012215560432642958,6601,"['breaking change', 'bug', 'bug: unconfirmed', ""can't reproduce"", 'cleanup', 'community task', 'dependencies', 'discussion', 'documentation', 'duplicate', 'enhancement', 'good first bug', 'has workaround', 'help wanted', 'invalid', 'more info needed', 'performance', 'question', 'someone is working on this', 'tests needed', 'wontfix', 'work in progress']",MIT License,4,v9.22.3,2020-12-18T22:18:53Z
wesbos/React-For-Beginners-Starter-Files,JavaScript,2015-10-30 19:55:52+00:00,2021-05-12 04:01:30+00:00,2021-05-09 13:52:03+00:00,23,2459,Starter files for learning React.js with React for Beginners,2418,2651,134,2651,145,295 days 03:42:57,42 days 20:51:35.393103,0.14524275550139826,126,"['bug', 'dependencies', 'duplicate', 'enhancement', 'help wanted', 'invalid', 'question', 'wontfix']",,0,,
reactstrap/reactstrap,JavaScript,2016-02-19 08:01:36+00:00,2021-05-12 01:06:10+00:00,2021-05-11 12:27:09+00:00,239,1207,Simple React Bootstrap 4 components,9182,9959,187,9959,1931,1169 days 01:12:41,42 days 07:20:23.185914,0.03618814504279366,5351,"['BS compatibility', 'Hacktoberfest', 'PR Welcome', 'a11y', 'bug', 'dependencies', 'docs', 'duplicate', 'enhancement', 'good first issue', 'help wanted', 'in-progress', 'invalid', 'needs example/more info', 'not a bug/out of scope', 'question', 'security', 'up-for-grabs', 'waiting-for-response']",MIT License,28,9.0.0-0,2021-03-04T00:01:07Z
tannerlinsley/react-table,JavaScript,2016-10-20 17:25:08+00:00,2021-05-12 09:32:47+00:00,2021-05-09 17:07:31+00:00,141,1910,‚öõÔ∏è Hooks for building fast and extendable tables and datagrids for React,16346,14174,137,14174,2334,759 days 00:23:05,16 days 23:27:24.507712,0.02236754041225621,7838,"['Feature Request', 'Priority:High', 'Priority:Low', 'bug', 'dependencies', 'enhancement', 'help wanted', 'released', 'types', 'v6', 'v8', 'wontfix']",MIT License,27,v7.7.0,2021-04-25T22:58:23Z
infinitered/reactotron,JavaScript,2016-04-15 21:58:32+00:00,2021-05-12 10:40:15+00:00,2021-05-09 21:41:17+00:00,117,811,"A desktop app for inspecting your React JS and React Native projects. macOS, Linux, and Windows.",20952,12895,167,12895,1098,835 days 08:14:20,29 days 12:19:52.810126,0.03533132282316329,2648,"['WIP :construction:', 'abandoned :skull_and_crossbones:', 'bug :beetle:', 'discussion :speech_balloon:', 'docs :books:', 'good first issue :tada:', 'help wanted :wave:', 'hold my beer :beer:', 'maintenance :wrench:', 'need info :hourglass_flowing_sand:', 'question :woman_shrugging:', 'react-native :iphone:', 'released', 'released on @beta', 'request :+1:', 'wontfix :no_good_man:']",MIT License,105,v3.0.0-beta.9,2020-03-01T18:33:44Z
airbnb/react-dates,JavaScript,2016-05-04 00:49:45+00:00,2021-05-11 15:14:12+00:00,2021-05-05 16:14:28+00:00,604,1651,"An easily internationalizable, mobile-friendly datepicker library for the web",38804,11427,153,11427,1481,1372 days 18:44:50,38 days 21:30:48.196488,0.02833395849895998,8013,"['accessibility', 'bug', 'discussion', 'documentation', 'duplicate', 'enhancement', 'feature request', 'greenkeeper', 'invalid', 'mobile', 'needs followup', 'needs react-dates/initialize', 'needs rebase', 'performance', 'pull request wanted', 'question', 'semver-major: breaking change', 'semver-minor: new stuff', 'semver-patch: fixes/refactors/etc', 'wontfix']",MIT License,0,,
atlassian/react-beautiful-dnd,JavaScript,2017-08-09 03:37:15+00:00,2021-05-12 19:06:12+00:00,2021-05-12 21:13:15+00:00,401,1709,Beautiful and accessible drag and drop for lists with React,13882,23608,269,23608,1809,789 days 04:13:39,32 days 06:32:33.752349,0.04089398487395396,7033,"['3rd party integration :handshake:', 'Mobile üì±', 'Releases üì¶', 'accessibility ‚ôøÔ∏è', 'announcement üîä', 'beta üë∂', 'blocked üõë', 'bug üêû', 'build üë∑\u200d‚ôÄÔ∏è', 'crushed it ü§ò', 'dependencies', 'discussion üó£‚ù§Ô∏è', 'docs üìñ', 'duplicate üëª', 'engineering health üõ†', 'good first issue ‚ù§Ô∏è', 'greenkeeper', 'help wanted üëã', 'idea ü§î', 'improvement ‚≠êÔ∏è', 'investigating üïµÔ∏è\u200d‚ôÇÔ∏è', 'more information required', 'new feature üé®', 'performance üöÄ', 'priority: high üî•', 'priority: low ü§û', 'priority: medium üëç', 'question ‚ùì', 'tree support üå≤', 'typescript', 'unconfirmed-bug', 'untriaged', 'wontfix ‚ò†Ô∏è']",Other,67,v13.1.0,2021-03-21T23:46:09Z
Flipboard/react-canvas,JavaScript,2015-02-05 23:46:30+00:00,2021-05-12 17:37:14+00:00,2019-01-14 03:12:13+00:00,79,958,High performance <canvas> rendering for React components,102,12647,414,12647,87,2136 days 20:52:47,94 days 20:43:29.586206,0.04439358322500676,397,"['bug', 'duplicate', 'enhancement', 'help wanted', 'invalid', 'question', 'wontfix']","BSD 3-Clause ""New"" or ""Revised"" License",0,,
facebook/draft-js,JavaScript,2016-02-19 20:18:26+00:00,2021-05-12 18:02:45+00:00,2021-05-12 17:02:23+00:00,858,2346,A React framework for building text editors.,35247,20263,348,20263,2063,1471 days 05:19:33,77 days 05:10:19.809015,0.05248388481629185,9281,"['CLA Signed', 'HTML importer', 'IME', 'Import Started', 'Merged', 'NW.js', 'PR imported', 'RFC', 'accessibility', 'android', 'awaiting-changes', 'big picture', 'bug', 'build', 'chrome', 'dependencies', 'dependent-project', 'desktop-web', 'discussion', 'documentation', 'duplicate', 'edge', 'editor discrepancy', 'enhancement', 'examples', 'exploration', 'fb-exported', 'fh:direct-merge-enabled', 'firefox', 'flow-types', 'good first issue', 'help wanted', 'high priority', 'ie', 'invalid', 'ios', 'linux', 'macos', 'meeting agenda', 'meta', 'needs more info', 'needs rebasing', 'perf', 'question', 'race condition', 'safari', 'security', 'styles', 'support', 'test coverage', 'typescript', 'v0-10-api-migration', 'v0-11-beta', 'v0-11-release', 'website', 'windows', 'wontfix']",Other,26,v0.11.7,2020-08-17T16:40:16Z
remarkjs/react-markdown,JavaScript,2015-05-18 23:59:17+00:00,2021-05-12 21:34:51+00:00,2021-05-07 06:38:48+00:00,4,612,Markdown component for React,2119,7007,40,7007,588,1298 days 20:17:25,136 days 07:45:53.838435,0.10495734190127803,1750,"['duplicate üëØ', 'good first issue üëã', 'hacktoberfest', 'hacktoberfest-accepted', 'help wanted üôè', 'invalid üôÖ', '‚òÇÔ∏è area/types', '‚õµÔ∏è status/released', 'üåä blocked/upstream', 'üåê platform/browser', 'üçè platform/macos', 'üèÅ area/perf', 'üèó area/tools', 'üè° area/internal', 'üêõ type/bug', 'üê¢ platform/node', 'üêß platform/linux', 'üëÄ area/external', 'üë©\u200d‚öï area/health', 'üë∂ area/size', 'üë∂ semver/patch', 'üí¨ type/discussion', 'üìé platform/windows', 'üìö area/docs', 'üì£ type/announcement', 'üì¶ area/deps', 'üîç status/open', 'üîí area/security', 'üï∏ area/website', 'üï∏Ô∏è area/tests', 'üóÑ area/interface', 'üó≥ blocked/vote', 'üôÜ status/confirmed', 'üôã type/question', 'üö´ status/wontfix', 'üõ† blocked/wip', 'ü•Ç status/merged', 'ü¶ã type/enhancement', 'üßë semver/major', 'üßí semver/minor', 'üßò status/waiting']",MIT License,1,6.0.0,2021-04-15T07:14:51Z
casesandberg/react-color,JavaScript,2015-08-09 18:45:30+00:00,2021-05-12 12:36:03+00:00,2021-04-14 19:22:47+00:00,152,815,":art: Color Pickers from Sketch, Photoshop, Chrome, Github, Twitter & more",5947,9688,83,9688,668,781 days 20:13:17,58 days 18:15:39.461077,0.07515684491663514,1634,"['bug', ""can't reproduce"", 'dependencies', 'duplicate', 'enhancement', 'greenkeeper', 'hacktoberfest', 'help wanted', 'in progress', 'invalid', 'need more info', 'needs author update', 'question', 'wontfix']",MIT License,12,v2.18.1,2020-05-04T00:55:07Z
react-component/calendar,JavaScript,2014-12-10 03:10:20+00:00,2021-05-09 12:35:30+00:00,2021-05-06 21:55:17+00:00,139,491,React Calendar,31250,1602,53,1602,731,607 days 04:41:38,21 days 16:06:25.607387,0.03569043430197994,1647,"['bug', 'dependencies', 'duplicate', 'enhancement', 'help wanted', 'invalid', 'need reproduce', 'new', 'question', 'wontfix']",MIT License,0,,
nfl/react-helmet,JavaScript,2015-06-18 00:07:34+00:00,2021-05-12 14:43:05+00:00,2021-05-09 19:23:25+00:00,171,625,A document head manager for React,1907,15082,128,15082,461,1233 days 19:25:26,50 days 01:18:03.659436,0.040568773573905995,2162,"['bug', 'dependencies', 'duplicate', 'enhancement', 'good first issue', 'help wanted', 'invalid', 'question', 'security', 'v7', 'wontfix']",MIT License,3,6.1.0,2020-06-08T05:01:56Z
uber/react-vis,JavaScript,2016-02-22 20:45:50+00:00,2021-05-12 22:39:14+00:00,2021-05-10 16:45:03+00:00,321,817,Data Visualization Components,94523,7818,2095,7818,1095,967 days 14:35:11,37 days 14:42:59.187214,0.03887230120953267,3021,"['WIP', 'bug', 'chore', 'dependencies', 'deps', 'docs', 'duplicate', 'enhancement', 'extended series', 'help', 'help wanted', 'invalid', 'question', 'style', 'tests', 'try to replicate', 'wontfix']",MIT License,59,v1.11.7,2019-04-19T03:58:15Z
jquense/react-big-calendar,JavaScript,2015-08-22 02:56:58+00:00,2021-05-12 14:22:45+00:00,2021-05-12 02:38:10+00:00,246,1685,gcal/outlook like calendar component,13418,4954,90,4954,1680,1287 days 18:03:36,61 days 06:32:35.750000,0.04758103121671252,5531,"['addons', 'bounty', 'bug', 'chore', 'dependencies', 'duplicate', 'enhancement', 'feature request', 'help wanted', 'invalid', 'question', 'released', 'wontfix']",MIT License,25,v0.33.2,2021-03-05T14:15:08Z
FormidableLabs/nuka-carousel,JavaScript,2015-04-20 19:52:07+00:00,2021-05-11 05:35:02+00:00,2021-05-10 23:10:34+00:00,37,589,Pure React Carousel Component,33151,2516,64,2516,738,1660 days 13:35:26,149 days 23:17:27.604336,0.09031282233189075,1900,"['Good first issue', 'Help Wanted', 'Needs: Environment Info', 'Needs: Investigation', 'Needs: Repro', 'Resolution: Fixed', 'Stale', 'Type: Bug', 'Type: Enhancement', 'Type: Question', 'Unverified', 'Verified', 'dependencies', 'duplicate', 'high priority', 'mobile']",Other,37,v4.7.6,2021-03-15T19:56:27Z
kentcdodds/react-hooks,JavaScript,2019-04-15 22:42:08+00:00,2021-05-12 21:31:02+00:00,2021-05-12 21:30:59+00:00,2,661,Learn React Hooks! üé£ ‚öõ,3127,1510,36,1510,133,94 days 08:58:59,1 days 03:14:44.849624,0.012028652377540434,160,"['bug', 'dependencies', 'duplicate', 'enhancement', 'good first issue', 'help wanted', 'invalid', 'question', 'video update needed', 'wontfix']",Other,0,,
arqex/react-datetime,JavaScript,2015-06-19 09:53:28+00:00,2021-05-10 20:04:01+00:00,2021-05-11 15:16:31+00:00,131,846,A lightweight but complete datetime picker react component.,5362,1845,20,1845,660,1476 days 12:04:52,163 days 12:02:46.366666,0.11073587566315643,2035,"['action needed', 'bug', 'dependencies', 'documentation', ""don't merge"", 'duplicate', 'enhancement', 'feature request', 'help wanted', 'invalid', 'needs info', 'new navigation', 'question', 'v3.0 candidate', 'wontfix']",,42,v3.0.3,2020-09-21T16:24:58Z
fisshy/react-scroll,JavaScript,2015-02-27 18:56:28+00:00,2021-05-12 22:59:25+00:00,2021-05-08 22:31:53+00:00,169,394,React scroll component,1246,3411,31,3411,292,1779 days 02:33:47,51 days 23:24:20.736301,0.029214087514312346,1216,"['bug', 'dependencies', 'duplicate', 'enhancement', 'help wanted', 'invalid', 'question', 'wontfix']",MIT License,0,,
i18next/react-i18next,JavaScript,2015-12-12 12:52:11+00:00,2021-05-13 00:29:36+00:00,2021-05-11 03:14:03+00:00,6,811,Internationalization for react done right. Using the i18next i18n ecosystem.,7426,6320,42,6320,1304,424 days 00:59:01,13 days 02:55:24.790964,0.030944394142357164,6847,"['breaking', 'bug', 'can not reproduce', 'dependencies', 'documentation', 'duplicate', 'enhancement', 'greenkeeper', 'help wanted', 'invalid', 'next.js / SSR', 'pr hold', 'question', 'reactnative', 'stale', 'typescript', 'v10 (hooks)', 'v9', 'vote', 'wontfix']",MIT License,0,,
jpuri/react-draft-wysiwyg,JavaScript,2016-09-04 18:33:34+00:00,2021-05-12 19:19:29+00:00,2021-05-12 00:32:59+00:00,522,903,A Wysiwyg editor build on top of ReactJS and DraftJS. https://jpuri.github.io/react-draft-wysiwyg,45031,5016,87,5016,597,1294 days 04:58:01,46 days 10:20:25.859296,0.035875877502954893,2944,"['action item', 'bug', 'dependencies', 'duplicate', 'enhancement', 'help wanted', 'invalid', 'question', 'wontfix']",MIT License,0,,
tomchentw/react-google-maps,JavaScript,2014-10-24 03:44:27+00:00,2021-05-12 18:12:34+00:00,2021-02-19 13:46:40+00:00,256,918,React.js Google Maps integration component,11332,4442,93,4442,817,893 days 15:24:55,45 days 03:27:27.776009,0.05051688730527994,3789,['feature request: PRs welcomed'],MIT License,0,,
nadbm/react-datasheet,JavaScript,2016-09-25 19:18:17+00:00,2021-05-12 12:33:07+00:00,2021-05-12 00:30:41+00:00,113,447,Excel-like data grid (table) component for React,14231,4629,41,4629,177,714 days 07:28:29,51 days 12:21:18.163841,0.07211796255393242,651,"['bug', 'dependencies', 'duplicate', 'enhancement', 'help wanted', 'invalid', 'question', 'wontfix']",MIT License,6,1.4.0,2019-11-11T23:52:22Z
clauderic/react-infinite-calendar,JavaScript,2016-05-24 00:04:15+00:00,2021-05-11 23:03:07+00:00,2021-04-30 10:52:26+00:00,82,412,"‚ú® Infinite scrolling date-picker built with React, with localization, range selection, themes, keyboard support, and more.",4102,3744,52,3744,159,634 days 22:41:51,52 days 03:33:26.855345,0.08213009511287113,686,"['bug', 'community task', 'duplicate', 'enhancement', 'feature', 'help wanted', 'invalid', 'more info needed', 'question', 'unconfirmed', 'wontfix']",MIT License,0,,
FormidableLabs/nuka-carousel,JavaScript,2015-04-20 19:52:07+00:00,2021-05-11 05:35:02+00:00,2021-05-10 23:10:34+00:00,37,589,Pure React Carousel Component,33151,2516,64,2516,738,1660 days 13:35:26,149 days 23:17:27.604336,0.09031282233189075,1900,"['Good first issue', 'Help Wanted', 'Needs: Environment Info', 'Needs: Investigation', 'Needs: Repro', 'Resolution: Fixed', 'Stale', 'Type: Bug', 'Type: Enhancement', 'Type: Question', 'Unverified', 'Verified', 'dependencies', 'duplicate', 'high priority', 'mobile']",Other,37,v4.7.6,2021-03-15T19:56:27Z
kentcdodds/react-hooks,JavaScript,2019-04-15 22:42:08+00:00,2021-05-13 04:38:11+00:00,2021-05-12 21:30:59+00:00,2,663,Learn React Hooks! üé£ ‚öõ,3127,1511,36,1511,133,94 days 08:58:59,1 days 03:14:44.849624,0.012028652377540434,160,"['bug', 'dependencies', 'duplicate', 'enhancement', 'good first issue', 'help wanted', 'invalid', 'question', 'video update needed', 'wontfix']",Other,0,,
arqex/react-datetime,JavaScript,2015-06-19 09:53:28+00:00,2021-05-13 12:01:48+00:00,2021-05-11 15:16:31+00:00,131,846,A lightweight but complete datetime picker react component.,5362,1846,20,1846,660,1476 days 12:04:52,163 days 12:02:46.366666,0.11073587566315643,2035,"['action needed', 'bug', 'dependencies', 'documentation', ""don't merge"", 'duplicate', 'enhancement', 'feature request', 'help wanted', 'invalid', 'needs info', 'new navigation', 'question', 'v3.0 candidate', 'wontfix']",,42,v3.0.3,2020-09-21T16:24:58Z
fisshy/react-scroll,JavaScript,2015-02-27 18:56:28+00:00,2021-05-12 22:59:25+00:00,2021-05-08 22:31:53+00:00,169,394,React scroll component,1246,3411,31,3411,292,1779 days 02:33:47,51 days 23:24:20.736301,0.029214087514312346,1216,"['bug', 'dependencies', 'duplicate', 'enhancement', 'help wanted', 'invalid', 'question', 'wontfix']",MIT License,0,,
i18next/react-i18next,JavaScript,2015-12-12 12:52:11+00:00,2021-05-13 09:36:44+00:00,2021-05-11 03:14:03+00:00,7,811,Internationalization for react done right. Using the i18next i18n ecosystem.,7426,6321,42,6321,1304,424 days 00:59:01,13 days 02:55:24.790964,0.030944394142357164,6849,"['breaking', 'bug', 'can not reproduce', 'dependencies', 'documentation', 'duplicate', 'enhancement', 'greenkeeper', 'help wanted', 'invalid', 'next.js / SSR', 'pr hold', 'question', 'reactnative', 'stale', 'typescript', 'v10 (hooks)', 'v9', 'vote', 'wontfix']",MIT License,0,,
jpuri/react-draft-wysiwyg,JavaScript,2016-09-04 18:33:34+00:00,2021-05-12 19:19:29+00:00,2021-05-12 00:32:59+00:00,522,903,A Wysiwyg editor build on top of ReactJS and DraftJS. https://jpuri.github.io/react-draft-wysiwyg,45031,5016,87,5016,597,1294 days 04:58:01,46 days 10:20:25.859296,0.035875877502954893,2944,"['action item', 'bug', 'dependencies', 'duplicate', 'enhancement', 'help wanted', 'invalid', 'question', 'wontfix']",MIT License,0,,
tomchentw/react-google-maps,JavaScript,2014-10-24 03:44:27+00:00,2021-05-13 16:25:35+00:00,2021-02-19 13:46:40+00:00,256,918,React.js Google Maps integration component,11332,4443,93,4443,817,893 days 15:24:55,45 days 03:27:27.776009,0.05051688730527994,3789,['feature request: PRs welcomed'],MIT License,0,,
nadbm/react-datasheet,JavaScript,2016-09-25 19:18:17+00:00,2021-05-13 12:01:13+00:00,2021-05-12 00:30:41+00:00,113,448,Excel-like data grid (table) component for React,14231,4630,41,4630,177,714 days 07:28:29,51 days 12:21:18.163841,0.07211796255393242,651,"['bug', 'dependencies', 'duplicate', 'enhancement', 'help wanted', 'invalid', 'question', 'wontfix']",MIT License,6,1.4.0,2019-11-11T23:52:22Z
clauderic/react-infinite-calendar,JavaScript,2016-05-24 00:04:15+00:00,2021-05-11 23:03:07+00:00,2021-04-30 10:52:26+00:00,82,412,"‚ú® Infinite scrolling date-picker built with React, with localization, range selection, themes, keyboard support, and more.",4102,3744,52,3744,159,634 days 22:41:51,52 days 03:33:26.855345,0.08213009511287113,686,"['bug', 'community task', 'duplicate', 'enhancement', 'feature', 'help wanted', 'invalid', 'more info needed', 'question', 'unconfirmed', 'wontfix']",MIT License,0,,
react-static/react-static,JavaScript,2017-09-09 22:10:32+00:00,2021-05-13 18:50:48+00:00,2021-05-08 06:42:21+00:00,102,792,‚öõÔ∏è üöÄ A progressive static site generator for React.,37499,9564,137,9564,1430,575 days 16:24:34,16 days 03:51:03.841258,0.028071652674689064,5966,"['breaking :boom:', 'bug :bug:', 'chore :wrench:', 'cli üè∑', 'core üè∑', 'dependencies', 'discussion :speech_balloon:', 'do not merge :construction:', 'documentation :book:', 'duplicate :repeat:', 'enhancement :unicorn:', 'example üè∑', 'experimental :microscope:', 'good first issue', 'hacktoberfest-accepted', 'help wanted', 'needs-info ‚ö†', 'not-stale', 'plugin üè∑', 'question :thinking:', 'rfc :speech_balloon:', 'security :rotating_light:', 'stale', 'template üè∑', 'upstream ‚¨Ü', 'wontfix :no_good_woman:']",MIT License,4,v7.5.0,2021-02-07T04:00:11Z
react-toolbox/react-toolbox,JavaScript,2015-05-27 15:23:33+00:00,2021-05-13 08:30:58+00:00,2021-01-26 09:02:01+00:00,264,1044,A set of React components implementing Google's Material Design specification with the power of CSS Modules,13092,8696,178,8696,1680,1241 days 18:57:23,38 days 02:51:09.980357,0.030696685007724274,5910,"['Contribution Needed', 'Documentation', 'Feedback Needed', 'Future', 'Ready to merge', 'Resolution: Duplicate', 'Resolution: Fixed in 2.0', 'Resolution: Invalid', 'Type: Bug', 'Type: Enhancement', 'Type: Feature Request', 'Type: Material Spec', 'Type: Question', 'Type: Reimplementation', 'Typescript', 'good first issue']",MIT License,13,1.3.0,2016-11-25T20:31:10Z
rehooks/awesome-react-hooks,,2018-10-25 21:31:44+00:00,2021-05-13 20:07:21+00:00,2021-04-19 16:11:50+00:00,0,543,Awesome React Hooks,236,6746,154,6746,252,83 days 23:26:27,4 days 08:13:51.087301,0.05171485152753355,277,"['bug', 'duplicate', 'enhancement', 'good first issue', 'help wanted', 'invalid', 'question', 'wontfix']",Creative Commons Zero v1.0 Universal,0,,
react-grid-layout/react-draggable,JavaScript,2014-07-24 22:32:16+00:00,2021-05-13 15:35:12+00:00,2021-04-16 23:49:38+00:00,141,838,React draggable component,3543,6679,87,6679,423,1642 days 20:17:13,93 days 11:25:37.581560,0.056898897516392336,1497,"['bug', 'dependencies', 'duplicate', 'enhancement', 'hacktoberfest-accepted', 'help wanted', 'invalid', 'question', 'wontfix']",MIT License,52,v2.2.3,2016-12-08T01:09:00Z
airbnb/lottie-web,JavaScript,2015-02-20 21:02:59+00:00,2021-05-13 18:06:45+00:00,2021-05-11 18:09:20+00:00,684,2397,"Render After Effects animations natively on Web, Android and iOS, and React Native. http://airbnb.io/lottie/",266352,24148,454,24148,1849,1214 days 23:09:16,102 days 06:03:08.809085,0.08416056526072661,10181,"['bug', 'duplicate', 'enhancement', 'help wanted', 'invalid', 'question', 'wontfix']",MIT License,0,,
markerikson/react-redux-links,,2016-01-22 02:10:28+00:00,2021-05-13 19:34:06+00:00,2020-12-07 14:36:41+00:00,29,2234,"Curated tutorial and resource links I've collected on React, Redux, ES6, and more",1372,20481,774,20481,100,355 days 14:31:47,6 days 19:51:15.600000,0.01919850911454688,180,"['bug', 'duplicate', 'enhancement', 'help wanted', 'invalid', 'question', 'wontfix']",,0,,
handsontable/handsontable,JavaScript,2011-05-23 22:38:58+00:00,2021-05-13 21:28:13+00:00,2021-05-13 23:33:06+00:00,545,2592,"JavaScript data grid with a spreadsheet look & feel. Works for React, Angular, and Vue. Supported by the Handsontable team ‚ö°",139330,15139,477,15139,7160,2857 days 05:40:51,192 days 06:30:06.161740,0.06729257992161951,27043,"['ANNOUNCEMENT', 'Auto column size', 'Auto fill', 'Auto row size', 'BindRowsWithHeaders', 'Blocked', 'Bottom rows', 'Breaking change', 'CLA signed', 'Cell type: autocomplete / dropdown / handsontable', 'Cell type: base / text / password', 'Cell type: checkbox', 'Cell type: date', 'Cell type: numeric', 'Cell type: select', 'Cell type: time', 'Collapsing', 'Column sorting', 'Comments', 'Context menu', 'Copy-paste', 'Core: alignment/height/width', 'Core: callbacks', 'Core: compatibility', 'Core: handsontable', 'Core: performance', 'Core: selection', 'Core: spare rows/columns', 'Core: update settings', 'Core: validation', 'Core: walkontable', 'Custom borders', 'Dropdown menu', 'Edge', 'Editor', 'Epic', 'Export', 'Filtering', 'Firefox', 'Fixing', 'Formulas', 'Freeze / Resize / Move', 'Gantt Chart', 'Guess: 2 hours', 'Guess: a day or more', 'Guess: a week or more', 'Guess: few hours', 'Header tooltips', 'Headers', 'Help needed', 'Hiding', 'Merge cells', 'Mobile', 'Moving', 'Multi-column sorting', 'Nested Headers', 'Nested rows', 'Observe changes', 'Part of scope', 'Persistent state', 'QA needed', 'Read-only', 'Regression', 'Resizing', 'Safari', 'Search', 'Status: Answered', 'Status: Developed (ready for review)', 'Status: In development', 'Status: Merged (ready for release)', 'Status: On hold', 'Status: Released', 'Status: Reopened', 'Status: Reviewed (ready for merge)', 'Status: To be discussed', 'Stretching', 'Summary calculations', 'Tests: E2E', 'Tests: Unit', 'Translation', 'Trimming', 'Type: Assistance needed', 'Type: Bug', 'Type: Change', 'Type: Demo needed', 'Type: Documentation needed', 'Type: Duplicate', 'Type: Feature', 'Type: Improvement suggestion', 'Type: Question', 'TypeScript', 'Undo-redo', 'Windows', 'Wontfix', 'Zoom/UI Scaling', 'angular', 'focus/blur', 'hyperformula', 'iOS', 'react', 'scroll', 'vue']",Other,181,8.4.0,2021-05-11T10:43:40Z
rehooks/awesome-react-hooks,,2018-10-25 21:31:44+00:00,2021-05-13 20:07:21+00:00,2021-04-19 16:11:50+00:00,0,543,Awesome React Hooks,236,6746,154,6746,252,83 days 23:26:27,4 days 08:13:51.087301,0.05171485152753355,277,"['bug', 'duplicate', 'enhancement', 'good first issue', 'help wanted', 'invalid', 'question', 'wontfix']",Creative Commons Zero v1.0 Universal,0,,
react-grid-layout/react-draggable,JavaScript,2014-07-24 22:32:16+00:00,2021-05-13 15:35:12+00:00,2021-04-16 23:49:38+00:00,141,838,React draggable component,3543,6679,87,6679,423,1642 days 20:17:13,93 days 11:25:37.581560,0.056898897516392336,1497,"['bug', 'dependencies', 'duplicate', 'enhancement', 'hacktoberfest-accepted', 'help wanted', 'invalid', 'question', 'wontfix']",MIT License,52,v2.2.3,2016-12-08T01:09:00Z
airbnb/lottie-web,JavaScript,2015-02-20 21:02:59+00:00,2021-05-14 03:16:54+00:00,2021-05-11 18:09:20+00:00,684,2398,"Render After Effects animations natively on Web, Android and iOS, and React Native. http://airbnb.io/lottie/",266352,24149,454,24149,1849,1214 days 23:09:16,102 days 06:03:08.809085,0.08416056526072661,10181,"['bug', 'duplicate', 'enhancement', 'help wanted', 'invalid', 'question', 'wontfix']",MIT License,0,,
markerikson/react-redux-links,,2016-01-22 02:10:28+00:00,2021-05-13 19:34:06+00:00,2020-12-07 14:36:41+00:00,29,2234,"Curated tutorial and resource links I've collected on React, Redux, ES6, and more",1372,20481,774,20481,100,355 days 14:31:47,6 days 19:51:15.600000,0.01919850911454688,180,"['bug', 'duplicate', 'enhancement', 'help wanted', 'invalid', 'question', 'wontfix']",,0,,
handsontable/handsontable,JavaScript,2011-05-23 22:38:58+00:00,2021-05-14 01:44:03+00:00,2021-05-13 23:33:06+00:00,545,2592,"JavaScript data grid with a spreadsheet look & feel. Works for React, Angular, and Vue. Supported by the Handsontable team ‚ö°",139330,15140,477,15140,7160,2857 days 05:40:51,192 days 06:30:06.161740,0.06729257992161951,27046,"['ANNOUNCEMENT', 'Auto column size', 'Auto fill', 'Auto row size', 'BindRowsWithHeaders', 'Blocked', 'Bottom rows', 'Breaking change', 'CLA signed', 'Cell type: autocomplete / dropdown / handsontable', 'Cell type: base / text / password', 'Cell type: checkbox', 'Cell type: date', 'Cell type: numeric', 'Cell type: select', 'Cell type: time', 'Collapsing', 'Column sorting', 'Comments', 'Context menu', 'Copy-paste', 'Core: alignment/height/width', 'Core: callbacks', 'Core: compatibility', 'Core: handsontable', 'Core: performance', 'Core: selection', 'Core: spare rows/columns', 'Core: update settings', 'Core: validation', 'Core: walkontable', 'Custom borders', 'Dropdown menu', 'Edge', 'Editor', 'Epic', 'Export', 'Filtering', 'Firefox', 'Fixing', 'Formulas', 'Freeze / Resize / Move', 'Gantt Chart', 'Guess: 2 hours', 'Guess: a day or more', 'Guess: a week or more', 'Guess: few hours', 'Header tooltips', 'Headers', 'Help needed', 'Hiding', 'Merge cells', 'Mobile', 'Moving', 'Multi-column sorting', 'Nested Headers', 'Nested rows', 'Observe changes', 'Part of scope', 'Persistent state', 'QA needed', 'Read-only', 'Regression', 'Resizing', 'Safari', 'Search', 'Status: Answered', 'Status: Developed (ready for review)', 'Status: In development', 'Status: Merged (ready for release)', 'Status: On hold', 'Status: Released', 'Status: Reopened', 'Status: Reviewed (ready for merge)', 'Status: To be discussed', 'Stretching', 'Summary calculations', 'Tests: E2E', 'Tests: Unit', 'Translation', 'Trimming', 'Type: Assistance needed', 'Type: Bug', 'Type: Change', 'Type: Demo needed', 'Type: Documentation needed', 'Type: Duplicate', 'Type: Feature', 'Type: Improvement suggestion', 'Type: Question', 'TypeScript', 'Undo-redo', 'Windows', 'Wontfix', 'Zoom/UI Scaling', 'angular', 'focus/blur', 'hyperformula', 'iOS', 'react', 'scroll', 'vue']",Other,181,8.4.0,2021-05-11T10:43:40Z
withspectrum/spectrum,JavaScript,2016-06-29 21:47:22+00:00,2021-05-14 01:40:44+00:00,2021-05-07 18:12:51+00:00,323,1096,"Simple, powerful online communities.",55919,9849,163,9849,5123,672 days 15:22:47,20 days 15:14:10.066185,0.030677334533477037,10352,"['A11Y', 'Bug', 'Bug: FIX NOW', 'Feature', 'Ready for Review', 'TBD: Blocked Upstream', 'TBD: Needs Design', 'TBD: Needs Discussion', 'TBD: Needs Spec', 'TBD: Quick Win', 'TBD: Someday', 'TBD: Tech Debt', 'WIP: Building', 'WIP: Needs Testing', 'dependencies', 'depfu', 'good first issue', 'good first issue (taken)', 'security']","BSD 3-Clause ""New"" or ""Revised"" License",159,3.1.15,2019-06-25T12:37:03Z
styleguidist/react-styleguidist,TypeScript,2015-09-07 05:30:30+00:00,2021-05-14 12:03:48+00:00,2021-05-12 00:17:57+00:00,121,1374,Isolated React component development environment with a living style guide,19337,9777,110,9777,1687,1035 days 00:33:09,38 days 05:01:55.721991,0.036916629361046206,7965,"['Hacktoberfest', 'bug', 'dependencies', 'documentation', 'duplicate', 'enhancement', 'good first issue', 'help wanted', 'internet explorer', 'invalid', 'markdown-to-jsx', 'question', 'react-docgen', 'react-docgen-typescript', 'released', 'request for comments', 'semantic-release', 'technical debt', 'wontfix']",MIT License,277,v11.1.6,2021-03-18T19:46:56Z
chvin/react-tetris,JavaScript,2016-12-20 12:26:11+00:00,2021-05-14 03:58:41+00:00,2021-05-10 05:56:48+00:00,4,1306,"Use React, Redux, Immutable to code Tetris. üéÆ",4319,6537,151,6537,34,46 days 13:49:39,7 days 09:00:34.823529,0.1583467001600862,46,"['bug', 'duplicate', 'enhancement', 'help wanted', 'invalid', 'question', 'wontfix']",,0,,
uber/baseweb,JavaScript,2018-03-09 01:32:10+00:00,2021-05-13 20:57:04+00:00,2021-05-13 18:51:07+00:00,117,566,A React Component library implementing the Base design language,124527,6346,85,6346,4127,520 days 13:20:27,6 days 08:23:27.195783,0.012197659361333966,8751,"['breaking', 'bug', 'bugfix', 'build/tooling', 'chore', 'ci', 'dependencies', 'docs', 'enhancement', 'feature', 'good first issue', 'greenkeeping', 'hacktoberfest-accepted', 'help wanted', 'needs reproduction', 'question', 'react17', 'refactor', 'regression', 'release', 'rfc', 'visual snapshot updates', 'wontfix', 'work in progress']",Other,337,v9.115.1,2021-05-11T23:52:07Z
reactjs/react-rails,JavaScript,2013-07-25 18:27:18+00:00,2021-05-13 18:17:18+00:00,2021-05-10 15:29:29+00:00,129,727,"Integrate React.js with Rails views and controllers, the asset pipeline, or webpacker.",7958,6268,125,6268,993,1498 days 21:04:53,79 days 18:40:35.737160,0.053225186439461995,4672,"['Hacktoberfest', 'bug', 'dependencies', 'discussion', 'duplicate', 'enhancement', 'good first issue', 'help wanted', 'invalid', 'javascript', 'needs another review', 'reproduction steps needed', 'ruby']",Apache License 2.0,22,v2.6.0,2019-07-27T16:36:10Z
projectstorm/react-diagrams,TypeScript,2016-06-03 09:10:01+00:00,2021-05-14 17:16:01+00:00,2021-04-27 09:12:31+00:00,228,880,"a super simple, no-nonsense diagramming library written in react that just works",12067,5988,145,5988,618,699 days 11:16:40,55 days 18:56:06.754045,0.07975878677759264,2360,"['answered', 'architecture', 'awaiting feedback', 'bug', 'code is incomplete', 'duplicate', 'feature request', 'help wanted', 'integration help', 'invalid', 'needs community testing', 'needs demo', 'needs investigation', 'needs more info / steps to reproduce', 'optimization', 'question', 'showcases a cool project :P', 'solved']",MIT License,5,v6.0.2,2020-03-06T08:16:08Z
moroshko/react-autosuggest,JavaScript,2015-03-07 12:09:12+00:00,2021-05-14 19:14:04+00:00,2021-05-11 07:52:28+00:00,233,616,WAI-ARIA compliant React autosuggest component,8406,5626,60,5626,559,1124 days 02:25:28,72 days 00:47:18.259391,0.06408037760001906,2504,"['accessibility', 'api', 'big picture', 'bug', 'cross-browser compatibility', 'dependencies', 'discussion', 'feature request', 'help wanted', 'needs clarification', 'react-autowhatewer', 'stale']",MIT License,44,v10.0.2,2020-05-02T17:23:48Z
reflux/refluxjs,JavaScript,2014-07-01 18:05:30+00:00,2021-05-12 18:53:47+00:00,2019-11-21 14:46:02+00:00,28,361,A simple library for uni-directional dataflow application architecture with React extensions inspired by Flux,739,5419,142,5419,526,1099 days 16:21:32,71 days 19:40:12.146387,0.06530901173158722,2315,"['Roadmap', 'breaking changes', 'bug', 'duplicate', 'enhancement', 'help wanted', 'invalid', 'question', 'release notes', 'requires documentation', 'resource', 'wontfix']","BSD 3-Clause ""New"" or ""Revised"" License",0,,
andrewngu/sound-redux,JavaScript,2015-09-21 03:11:27+00:00,2021-05-13 20:16:18+00:00,2021-05-10 06:18:44+00:00,64,936,A Soundcloud client built with React / Redux,3890,5026,148,5026,107,1282 days 06:11:39,82 days 18:25:34.588785,0.06454839937208794,198,"['bug', 'dependencies', 'duplicate', 'enhancement', 'help wanted', 'invalid', 'question', 'wontfix']",GNU General Public License v3.0,0,,
gothinkster/react-redux-realworld-example-app,JavaScript,2016-04-12 22:10:26+00:00,2021-05-14 17:01:57+00:00,2021-05-03 21:34:32+00:00,88,1947,Exemplary real world application built with React + Redux,527,5049,140,5049,105,956 days 03:32:37,27 days 20:41:57.914285,0.02914024284332321,256,"['bug', 'duplicate', 'enhancement', 'help wanted', 'invalid', 'question', 'wontfix']",,0,,
adobe/react-spectrum,TypeScript,2019-09-13 23:32:51+00:00,2021-05-15 03:43:55+00:00,2021-05-15 02:34:48+00:00,233,291,"A collection of libraries and tools that help you build adaptive, accessible, and robust user experiences.",58570,4591,61,4591,1642,349 days 22:27:31,15 days 05:34:10.795371,0.04352790090756423,6813,"['accessibility', 'blocked', 'browser bug', 'bug', 'documentation', 'drag and drop', 'duplicate', 'enhancement', 'good first issue', 'help wanted', 'innovation-week', 'invalid', 'needs API review', 'rsp:Accordion', 'rsp:ActionBar', 'rsp:ActionButton', 'rsp:ActionGroup', 'rsp:Alert', 'rsp:AlertDialog', 'rsp:Avatar', 'rsp:Badge', 'rsp:Breadcrumbs', 'rsp:Button', 'rsp:ButtonGroup', 'rsp:Checkbox', 'rsp:ColorPicker', 'rsp:ColorSlider', 'rsp:ComboBox', 'rsp:DatePicker', 'rsp:DialogTrigger', 'rsp:Form', 'rsp:HexColorField', 'rsp:ListBox', 'rsp:ListView', 'rsp:MenuTrigger', 'rsp:Meter', 'rsp:NumberField', 'rsp:Picker', 'rsp:ProgressBar', 'rsp:SearchWithin', 'rsp:Slider', 'rsp:SplitButton', 'rsp:StepList', 'rsp:Switch', 'rsp:TableView', 'rsp:Tabs', 'rsp:TextArea', 'rsp:Toast', 'rsp:ToggleButton', 'rsp:Tooltip', 'rsp:TooltipTrigger', 'rsp:TriggerButton', 'rsp:Typography', 'small review', 'spectrum design', 'ssr', 'strict mode', 'typescript', 'waiting', 'wontfix']",Apache License 2.0,0,,
wojtekmaj/react-pdf,JavaScript,2016-08-01 13:46:02+00:00,2021-05-14 19:55:19+00:00,2021-05-10 20:25:49+00:00,120,463,Display PDFs in your React app as easily as if they were images.,18250,4542,51,4542,659,1259 days 05:58:15,40 days 10:59:50.330804,0.03212877478404781,2748,"['bug', 'dependencies', 'duplicate', 'enhancement', 'evergreening', 'help wanted', 'invalid', 'maintenance', 'question', 'wontfix']",MIT License,89,v5.3.0,2021-05-08T08:55:22Z
supasate/connected-react-router,JavaScript,2016-12-12 11:49:25+00:00,2021-05-15 02:15:27+00:00,2021-05-11 04:40:04+00:00,144,540,A Redux binding for React Router v4,4842,4482,39,4482,365,930 days 07:27:54,45 days 15:49:56.926027,0.04907993945756162,1549,"['bug', 'dependencies', 'discussion', 'duplicate', 'enhancement', 'feature', 'help wanted', 'invalid', 'question', 'triage', 'wontfix']",MIT License,45,v6.9.1,2021-02-22T17:06:59Z
react-ga/react-ga,JavaScript,2015-03-27 11:09:25+00:00,2021-05-15 05:12:56+00:00,2021-05-09 03:03:14+00:00,119,404,React Google Analytics Module,2566,4477,77,4477,370,905 days 07:53:25,58 days 05:32:45.964864,0.06432030556204227,1325,"['bug', 'dependencies', 'duplicate', 'enhancement', 'ga integration bug', 'good first issue', 'hacktoberfest', 'help wanted', 'invalid', 'question', 'released', 'semantic-release', 'wontfix']",Other,27,v3.3.0,2020-11-21T23:34:30Z
tomchentw/react-google-maps,JavaScript,2014-10-24 03:44:27+00:00,2021-05-14 13:14:08+00:00,2021-02-19 13:46:40+00:00,255,918,React.js Google Maps integration component,11332,4444,93,4444,818,893 days 15:24:55,45 days 04:36:50.871638,0.05057080594756161,3791,['feature request: PRs welcomed'],MIT License,0,,
GoogleChromeLabs/react-adaptive-hooks,JavaScript,2019-11-08 01:04:55+00:00,2021-05-13 11:35:25+00:00,2021-05-11 07:08:14+00:00,22,108,Deliver experiences best suited to a user's device and network constraints,1274,4630,37,4630,46,296 days 00:42:42,24 days 01:44:55.934782,0.08122679650732689,166,"['bug', ""chillin' ‚ùÑÔ∏è"", 'dependencies', 'documentation', 'duplicate', 'enhancement', 'good first issue', 'help wanted', 'invalid', 'question', 'wontfix']",Apache License 2.0,0,,
nadbm/react-datasheet,JavaScript,2016-09-25 19:18:17+00:00,2021-05-15 01:10:56+00:00,2021-05-12 00:30:41+00:00,113,448,Excel-like data grid (table) component for React,14231,4633,41,4633,177,714 days 07:28:29,51 days 12:21:18.163841,0.07211796255393242,651,"['bug', 'dependencies', 'duplicate', 'enhancement', 'help wanted', 'invalid', 'question', 'wontfix']",MIT License,6,1.4.0,2019-11-11T23:52:22Z
adazzle/react-data-grid,TypeScript,2015-03-06 10:15:04+00:00,2021-05-14 14:11:59+00:00,2021-05-14 19:22:58+00:00,176,1839,"Excel-like grid component built with React, with editors, keyboard navigation, copy & paste, and the like",116601,4572,126,4572,2202,875 days 22:36:19,85 days 12:12:05.391462,0.09761875218919196,5517,"['Accepted', 'Backporting', 'Discussion', 'Documentation Required', 'Feature Request', 'Has Tests', 'Needs Catchup', 'Needs Examples', 'Needs Tests', 'OS X', 'Performance', 'Question', 'Reviewed', 'Tested', 'WIP', 'Will Accept PR', 'Windows', 'bug', 'docs', 'enhancement', 'good first issue', 'help wanted', 'tooling', 'unfinished', 'wontfix']",Other,5,v0.13.13,2015-10-21T13:32:57Z
pmndrs/react-use-gesture,TypeScript,2018-03-23 15:37:58+00:00,2021-05-14 22:25:54+00:00,2021-05-14 10:01:30+00:00,17,161,üëáBread n butter utility for component-tied mouse/touch gestures in React,24981,4584,34,4584,257,377 days 06:46:21,15 days 15:56:25.412451,0.04151821552039428,1201,"['Typescript', 'bug', 'dependencies', 'duplicate', 'enhancement', 'feature request', 'firefox', 'fix coming', 'good first issue', 'help wanted', 'minor', 'question', 'r3f', 'wheel', 'wontfix']",MIT License,23,9.1.3,2021-05-08T11:01:13Z
beautifulinteractions/beautiful-react-hooks,JavaScript,2019-12-18 19:50:43+00:00,2021-05-15 07:29:40+00:00,2021-05-12 16:22:34+00:00,5,252,üî• A collection of beautiful and (hopefully) useful React hooks to speed-up your components and hooks development üî•,5213,4337,53,4337,238,176 days 20:46:30,10 days 15:32:34.924369,0.060201355115618194,203,"['bug', 'dependencies', 'documentation', 'duplicate', 'enhancement', 'feature request', 'good first issue', 'help wanted', 'invalid', 'question', 'wontfix']",MIT License,10,0.33.1,2021-05-09T10:10:32Z
kriasoft/react-firebase-starter,JavaScript,2015-06-17 19:33:23+00:00,2021-05-14 20:58:17+00:00,2021-05-13 02:32:28+00:00,111,748,"Boilerplate (seed) project for creating web apps with React.js, GraphQL.js and Relay",6311,4291,94,4291,655,1371 days 01:22:25,45 days 16:22:37.654961,0.03331900088989047,996,"['bug', 'dependencies', 'duplicate', 'enhancement', 'good first issue', 'greenkeeper', 'help wanted', 'in progress', 'invalid', 'question', 'ready', 'security', 'to-do', 'wontfix']",MIT License,1,v1.0.0,2016-07-15T01:38:59Z
stereobooster/react-snap,JavaScript,2017-10-01 01:56:32+00:00,2021-05-14 02:45:56+00:00,2021-05-09 21:06:55+00:00,160,302,üëª Zero-configuration framework-agnostic static prerendering for SPAs,1433,4269,26,4269,373,613 days 18:46:01,14 days 19:15:14.675603,0.02411641326347282,1395,"['bug', 'duplicate', 'enhancement', 'good first issue', 'help wanted', 'ignored template', 'invalid', 'question', 'wait for more info', 'wontfix']",MIT License,0,,
gaearon/react-hot-boilerplate,JavaScript,2014-08-23 16:38:09+00:00,2021-05-11 07:43:00+00:00,2020-08-21 15:47:32+00:00,14,930,Minimal live-editing example for React,134,3956,112,3956,127,1187 days 08:47:16,65 days 12:08:24.921259,0.05516900644402904,504,"['bug', 'duplicate', 'enhancement', 'help wanted', 'invalid', 'question', 'wontfix']",MIT License,3,v1.0.0,2015-02-02T03:23:53Z
redfin/react-server,JavaScript,2016-02-09 19:20:35+00:00,2021-05-08 01:39:18+00:00,2021-03-09 17:40:10+00:00,167,213,:rocket: Blazing fast page load and seamless navigation.,4804,3933,66,3933,877,1063 days 22:03:04,22 days 04:04:43.234891,0.020837972716319576,1956,"['breaking change', 'bug', 'cleanup', 'dependencies', 'documentation', 'duplicate', 'enhancement', 'epic', 'example', 'good first contribution', 'greenkeeper', 'help wanted', 'housekeeping', 'internal', 'invalid', 'performance', 'proposal', 'question', 'security', 'testing', 'website', 'wontfix']",Apache License 2.0,35,v0.8.1,2017-12-27T23:40:10Z
reactchartjs/react-chartjs-2,JavaScript,2016-05-06 22:01:08+00:00,2021-05-15 04:03:07+00:00,2021-05-03 16:33:04+00:00,149,718,"React wrapper for Chart.js 2.0 and 3.0, the most popular charting library üìä",8645,3993,52,3993,525,1100 days 06:36:12,216 days 02:23:28.081904,0.19640502437395324,1818,"['Awaiting Feedback', 'Awaiting Reproduction', 'Not Reproducable', 'Reproducable', 'bug', 'dependencies', 'duplicate', 'easy fix', 'enhancement', 'help wanted', 'invalid', 'question', 'wontfix']",MIT License,52,2.11.1,2020-11-06T12:38:11Z
jaredpalmer/after.js,JavaScript,2017-11-12 03:17:02+00:00,2021-05-11 14:17:42+00:00,2021-05-11 22:37:20+00:00,59,205,Next.js-like framework for server-rendered React apps built with React Router,9629,3977,50,3977,396,421 days 18:53:53,38 days 10:31:53.401515,0.09113299181514863,1145,"['Docs', 'after.js', 'babel-plugin-after', 'bug', 'create-after-app', 'dependencies', 'duplicate', 'enhancement', 'examples', 'good first issue', 'help wanted', 'invalid', 'pinned', 'question', 'stale', 'wontfix']",MIT License,18,v3.1.3,2020-12-19T17:13:26Z
konvajs/react-konva,JavaScript,2016-01-03 08:14:17+00:00,2021-05-15 06:45:18+00:00,2021-03-31 00:32:32+00:00,6,182,React + Canvas = Love. JavaScript library for drawing complex canvas graphics using React.,2678,3943,60,3943,567,954 days 10:14:48,21 days 07:23:02.544502,0.022324545573154598,1652,"['bug', 'duplicate', 'enhancement', 'greenkeeper', 'help wanted', 'invalid', 'question', 'wontfix']",MIT License,12,v16.8.6,2019-03-30T02:04:53Z
alibaba-fusion/next,JavaScript,2018-06-21 07:06:27+00:00,2021-05-14 09:04:24+00:00,2021-05-14 06:47:19+00:00,418,393,ü¶ç A configurable component library for web built on React. ,285607,3803,77,3803,2578,755 days 20:37:06,24 days 11:40:05.932117,0.03239513483612099,3093,"['2.x', 'A11y', 'Accept', 'Duplicate', 'External', 'PR welcome', 'PR: review-approved', 'PR: review-changes-request', 'PR: unreviewed', 'React17', 'Robustness', 'TS', 'Typescript', 'compatibility', 'good first issue', 'hold', 'improvement', 'inactive', 'invalid', 'question', 'weekly-digest', 'wontfix', '‚ö°Ô∏è  Perfermance', '‚õ±   Design', '‚ùì Usage', 'üé®  FusionCool', 'üé®FusionCool', 'üèó  Need Reproduce', 'üêû  Bug', 'üë©üèª\u200düíª Someone working on it', 'üí°   Feature Request', 'üí¨   Discussion', 'üìñ   Documentation', 'üñ•   Platform', 'üñ•Platform', 'üßê   Optimization']",MIT License,207,build/1.23.1,2021-05-14T06:50:33Z
neutrinojs/neutrino,JavaScript,2017-02-03 03:27:20+00:00,2021-05-07 22:37:21+00:00,2021-05-09 20:50:13+00:00,52,234,Create and build modern JavaScript projects with zero initial configuration.,12504,3758,53,3758,1614,1175 days 11:58:35,27 days 04:04:44.478637,0.023113514892604766,3685,"['breaking change', 'bug', 'cleanup', 'core', 'dependency', 'development', 'docs', 'feature', 'fixed in Neutrino 9', 'good first issue', 'help wanted', 'performance', 'question', 'rebase', 'regression']",Mozilla Public License 2.0,0,,
prevwong/craft.js,TypeScript,2019-06-04 18:08:50+00:00,2021-05-14 23:56:15+00:00,2021-05-14 09:00:50+00:00,80,292,üöÄ A React Framework for building extensible drag and drop page editors,26502,3794,67,3794,145,356 days 02:59:37,23 days 05:54:24.800000,0.06527512893261289,509,"['blocking', 'bug', 'chore', 'dependencies', 'documentation', 'duplicate', 'enhancement', 'feature request (core)', 'feature request (extension)', 'good first issue', 'help wanted', 'invalid', 'question', 'wontfix']",MIT License,14,v0.1.0-beta.16,2021-01-25T03:05:07Z
jaredpalmer/react-fns,TypeScript,2017-10-14 20:19:51+00:00,2021-05-10 19:27:43+00:00,2021-05-12 01:00:45+00:00,6,104,Browser API's turned into declarative React components and HoC's,596,3715,38,3715,105,339 days 04:30:23,101 days 07:05:29.657142,0.29864117615771835,248,"['bug', 'dependencies', 'duplicate', 'enhancement', 'good first issue', 'help wanted', 'in progress', 'invalid', 'question', 'stale', 'wontfix']",MIT License,2,v1.4.0,2018-02-05T21:59:55Z
PaulLeCam/react-leaflet,TypeScript,2014-08-03 09:16:09+00:00,2021-05-14 14:50:01+00:00,2021-04-19 18:39:47+00:00,22,768,React components for Leaflet maps,12704,3691,56,3691,853,1283 days 00:21:44,17 days 13:59:02.483001,0.013704044868141592,2331,"['bug', 'dependencies', 'duplicate', 'enhancement', 'help wanted', 'invalid', 'needs investigation', 'question', 'required feature', 'v3', 'wontfix']",Other,109,v3.1.0,2021-01-30T15:36:28Z
FortAwesome/react-fontawesome,JavaScript,2017-09-06 15:06:27+00:00,2021-05-15 03:33:15+00:00,2021-05-11 07:00:54+00:00,99,228,Font Awesome 5 React component,3966,3371,45,3371,330,862 days 20:01:50,40 days 20:14:42.939393,0.04733642824207158,1310,"['bug', 'dependencies', 'duplicate', 'enhancement', 'good first issue', 'help wanted', 'invalid', 'question', 'wontfix']",MIT License,15,0.1.14,2020-12-22T21:48:09Z
lelandrichardson/react-primitives,JavaScript,2016-03-23 01:27:07+00:00,2021-05-14 21:48:27+00:00,2021-03-23 22:34:22+00:00,23,137,Primitive React Interfaces Across Targets,430,3047,74,3047,122,415 days 14:27:02,57 days 02:49:15.942622,0.1374331237122604,332,"['CI & Maintenance', 'Visual diffs', 'bug', 'documentation', 'duplicate', 'enhancement', 'help wanted', 'invalid', 'question', 'wontfix']",MIT License,2,v0.8.1,2020-04-03T16:42:08Z
stripe/react-stripe-elements,JavaScript,2017-02-23 18:04:00+00:00,2021-05-11 17:26:19+00:00,2021-03-26 19:26:02+00:00,8,335,Moved to stripe/react-stripe-js.,2126,3043,58,3043,542,1414 days 17:35:11,66 days 04:47:16.623161,0.046792755343895376,2142,"['api-review', 'approved', 'bug', 'dependencies', 'duplicate', 'enhancement', 'help wanted', 'invalid', 'needs more info', 'question', 'support', 'wontfix']",MIT License,38,v6.1.2,2020-04-21T17:19:50Z
securingsincity/react-ace,JavaScript,2014-11-29 05:15:14+00:00,2021-05-14 17:58:13+00:00,2021-05-10 23:50:46+00:00,111,522,React Ace Component,34526,3065,30,3065,928,1133 days 17:01:44,52 days 08:47:03.606681,0.04618993498564135,1840,"['Documentation', 'Needs Example', 'awaiting response', 'bug', 'dependencies', 'discussion', 'duplicate', 'enhancement', 'good first issue', 'greenkeeper', 'help wanted', 'in progress', 'invalid', 'issue with ace', 'question', 'unable to reproduce', 'wontfix']",MIT License,78,v9.3.0,2021-02-01T03:31:32Z
jvalen/pixel-art-react,JavaScript,2015-12-09 07:07:53+00:00,2021-05-13 15:36:32+00:00,2021-01-22 11:29:45+00:00,3,164,Pixel art animation and drawing web app powered by React,3580,3023,68,3023,39,632 days 00:04:48,24 days 04:41:46.435897,0.03827602963150626,72,"['bug', 'duplicate', 'enhancement', 'help wanted', 'invalid', 'question', 'wontfix']",MIT License,3,v3.8.1,2020-05-10T19:19:30Z
heroku/react-refetch,JavaScript,2015-11-11 21:02:02+00:00,2021-05-15 06:20:39+00:00,2021-05-06 17:34:48+00:00,39,153,"A simple, declarative, and composable way to fetch data for React components",1126,3397,112,3397,214,1471 days 07:15:10,42 days 12:46:42.443925,0.02890799864356452,893,"['WIP/DO NOT MERGE', 'bug', 'dependencies', 'discussion', 'docs', 'duplicate', 'enhancement', 'help wanted', 'invalid', 'question', 'wontfix']",Other,48,v3.0.0,2019-10-23T21:56:54Z
touchstonejs/touchstonejs,CSS,2014-10-14 12:32:17+00:00,2021-05-07 13:44:21+00:00,2018-03-08 00:55:28+00:00,23,161,Mobile App Framework powered by React,14510,3365,140,3365,103,581 days 22:23:05,61 days 01:20:40.466019,0.1049178952025904,358,"['bug', 'component', 'demo', 'duplicate', 'enhancement', 'help wanted', 'invalid', 'question', 'roadmap', 'suggestion', 'website', 'wontfix']",MIT License,0,,
stereobooster/react-ideal-image,JavaScript,2018-05-20 19:38:51+00:00,2021-05-10 11:52:51+00:00,2021-05-09 20:57:48+00:00,41,84,üñºÔ∏è An Almost Ideal React Image Component,39285,3284,30,3284,126,978 days 07:57:50,55 days 01:42:45.341269,0.05629075917448123,165,"['bug', 'duplicate', 'enhancement', 'good first issue', 'help wanted', 'invalid', 'question', 'wontfix']",MIT License,0,,
akxcv/vuera,JavaScript,2017-09-27 21:26:27+00:00,2021-05-14 12:53:21+00:00,2021-05-10 01:59:19+00:00,66,194,":eyes: Vue in React, React in Vue. Seamless integration of the two. :dancers:",513,3301,47,3301,71,295 days 12:01:42,36 days 03:54:57.676056,0.12236947177658374,360,"['bug', 'dependencies', 'duplicate', 'enhancement', 'good first issue', 'hacktoberfest', 'help wanted', 'invalid', 'question', 'very funny', 'wontfix']",MIT License,5,0.2.5,2019-04-22T17:05:27Z
reactjs/react-docgen,JavaScript,2015-02-27 22:03:34+00:00,2021-05-14 11:51:56+00:00,2021-05-08 17:57:06+00:00,89,265,A CLI and toolbox to extract information from React component files for documentation generation purposes.,3960,3008,56,3008,415,1295 days 06:54:06,70 days 07:36:05.848192,0.05428594783157296,1444,"['CLA Signed', 'WIP', 'beginner friendly', 'breaking', 'bug', 'component-detection', 'custom-handler', 'dependencies', 'do-not-reap', 'duplicate', 'flow', 'has-PR', 'help wanted', 'idea', 'improvement', 'invalid', 'needs-discussion', 'needs-more-info', 'new feature', 'question', 'typescript', 'upstream', 'wontfix']",MIT License,66,v5.4.0,2021-05-08T16:20:39Z
berzniz/react-overdrive,JavaScript,2017-03-06 13:47:55+00:00,2021-05-10 11:55:26+00:00,2021-05-10 06:15:24+00:00,16,106,Super easy magic-move transitions for React apps,5793,2993,33,2993,61,836 days 20:28:03,34 days 01:29:47.868852,0.040702861446521174,70,"['bug', 'dependencies', 'duplicate', 'enhancement', 'help wanted', 'invalid', 'question', 'wontfix']",MIT License,0,,
google-fabric/velocity-react,JavaScript,2015-08-25 18:19:55+00:00,2021-05-14 08:23:52+00:00,2019-05-09 17:07:50+00:00,18,161,React components for Velocity.js,592,2981,60,2981,245,896 days 16:33:34,21 days 17:39:02.269387,0.024239602999098046,626,"['bug', 'duplicate', 'enhancement', 'help wanted', 'invalid', 'question', 'wontfix']",MIT License,21,v1.4.3,2019-05-09T17:07:50Z
reactjs/express-react-views,JavaScript,2014-03-31 21:35:14+00:00,2021-05-12 14:27:35+00:00,2021-05-09 09:59:21+00:00,24,266,This is an Express view engine which renders React components on server. It renders static markup and *does not* support mounting those views on the client.,372,2646,66,2646,143,1354 days 07:11:46,121 days 08:48:11.818181,0.08961580225441461,426,"['CLA Signed', 'bug', 'dependencies', 'duplicate', 'enhancement', 'invalid', 'question', 'wontfix']",Other,0,,
DominicTobias/react-image-crop,JavaScript,2015-10-09 22:57:05+00:00,2021-05-15 11:20:29+00:00,2021-04-26 12:22:50+00:00,25,287,A responsive image cropping tool for React,10494,2647,33,2647,397,487 days 20:28:58,24 days 21:29:46.075566,0.051030844134049916,1519,"['bug', 'duplicate', 'enhancement', 'help wanted', 'highpriority', 'invalid', 'question', 'wontfix']",ISC License,95,8.6.9,2021-04-26T12:22:50Z
xiaolin/react-image-gallery,JavaScript,2015-02-27 23:41:41+00:00,2021-05-15 02:28:41+00:00,2021-05-11 19:45:26+00:00,20,534,React carousel image gallery component with thumbnail support  üñº,53517,2649,39,2649,563,961 days 16:15:10,32 days 17:39:14.120781,0.03403996387991044,1634,"['PR-opened', 'bug', 'cant-replicate', 'chore', 'discussion', 'duplicate', 'easy-fix', 'enhancement', 'help wanted', 'high-priority', 'merged', 'need-investigation', 'needs-release', 'question', 'uncertain', 'wontfix']",MIT License,44,v1.0.9,2021-02-23T01:37:21Z
prettier/eslint-config-prettier,JavaScript,2017-01-29 20:07:58+00:00,2021-05-14 20:20:34+00:00,2021-05-09 16:49:54+00:00,3,157,Turns off all rules that are unnecessary or might conflict with Prettier.,1847,2981,29,2981,186,785 days 01:46:54,8 days 01:34:48.220430,0.010273453295956974,575,"['awaiting response', 'bug', 'dependencies', 'duplicate', 'enhancement', 'help wanted', 'invalid', 'question', 'wontfix']",MIT License,0,,
react-webpack-generators/generator-react-webpack,JavaScript,2014-01-07 19:58:20+00:00,2021-05-13 06:11:44+00:00,2017-02-10 06:19:54+00:00,44,365,Yeoman generator for ReactJS and Webpack,468,2890,98,2890,309,924 days 22:58:19,32 days 17:35:26.284789,0.035388519837602626,871,"['blocked/external', 'blocked/internal', 'bug', 'doc', 'duplicate', 'enhancement', 'help wanted', 'invalid', 'needs feedback', 'question', 'v1.x (legacy)', 'v2.0 (stable)', 'wontfix']",MIT License,2,v3.3.4,2016-08-12T11:04:51Z
maisano/react-router-transition,JavaScript,2016-02-10 19:20:58+00:00,2021-05-11 20:21:11+00:00,2021-04-30 10:05:43+00:00,25,133,"painless transitions built for react-router, powered by react-motion",184,2477,25,2477,100,772 days 06:03:08,78 days 18:08:38.600000,0.10198216696736698,359,"['bug', 'duplicate', 'enhancement', 'help wanted', 'invalid', 'question', 'wontfix']",MIT License,0,,
tomkp/react-split-pane,JavaScript,2015-03-06 13:25:20+00:00,2021-05-15 07:27:29+00:00,2021-05-14 07:04:40+00:00,129,323,React split-pane component,26803,2479,33,2479,631,977 days 01:43:36,27 days 21:55:47.649762,0.028568657273248185,1262,"['bug', 'bug: unconfirmed', 'cleanup', 'dependencies', 'documentation', 'duplicate', 'enhancement', 'good first issue', 'greenkeeper', 'help wanted', 'invalid', 'need more info', 'question', 'security', 'v2', 'wontfix']",MIT License,8,v0.1.92,2020-08-10T07:25:41Z
prabhuignoto/react-chrono,TypeScript,2020-08-18 19:02:24+00:00,2021-05-15 05:58:15+00:00,2021-05-15 04:47:17+00:00,16,98,üïú Modern Timeline component for React,186281,2478,14,2478,116,57 days 05:33:55,2 days 16:38:23.818965,0.04705785665283886,193,"['bug', 'depfu', 'documentation', 'duplicate', 'enhancement', 'good first issue', 'help wanted', 'invalid', 'question', 'resolved', 'wontfix']",MIT License,22,1.9.3,2021-04-02T13:15:31Z
prescottprue/react-redux-firebase,JavaScript,2016-10-14 00:47:53+00:00,2021-05-15 03:38:01+00:00,2021-05-12 13:58:09+00:00,121,570,Redux bindings for Firebase. Includes React Hooks and Higher Order Components.,23674,2453,39,2453,978,925 days 21:06:18,26 days 09:44:20.234151,0.028547204538031227,3541,"['bug', 'dependencies', 'discussion', 'docs-update', 'enhancement', 'examples', 'help wanted', 'in-pre-release', 'needs-repro', 'on-roadmap', 'question', 'react-native', 'ready-for-pre-release', 'types', 'wontfix']",MIT License,156,v3.10.0,2021-01-24T06:05:16Z
jondot/react-flight,JavaScript,2017-06-15 05:52:50+00:00,2021-05-14 20:17:12+00:00,2021-05-12 01:01:13+00:00,39,101,The best way to build animation compositions for React.,4176,2793,26,2793,27,295 days 13:12:37,87 days 08:27:33.185185,0.29555337464434367,60,"['bug', 'dependencies', 'docs', 'duplicate', 'enhancement', 'help wanted', 'invalid', 'question', 'wontfix']",MIT License,0,,
malte-wessel/react-custom-scrollbars,JavaScript,2015-08-07 11:53:56+00:00,2021-05-15 13:23:38+00:00,2021-05-10 12:33:55+00:00,200,518,React scrollbars component,1482,2778,29,2778,195,1085 days 16:42:47,66 days 09:43:36.169230,0.06116363641242124,899,"['bug', 'dependencies', 'duplicate', 'enhancement', 'help wanted', 'invalid', 'question', 'wontfix']",MIT License,35,v4.2.1,2017-10-28T08:28:58Z
timolins/react-hot-toast,TypeScript,2020-12-07 22:05:40+00:00,2021-05-15 12:49:07+00:00,2021-05-05 22:06:12+00:00,36,74,Smoking hot React Notifications üî• ,1407,2763,11,2763,41,54 days 04:55:06,7 days 20:05:37.341463,0.1445296171116373,185,"['bug', 'documentation', 'duplicate', 'enhancement', 'good first issue', 'help wanted', 'invalid', 'question', 'wontfix']",MIT License,3,v1.0.2,2021-01-21T18:22:18Z
FormidableLabs/react-music,JavaScript,2016-08-22 15:32:05+00:00,2021-05-15 04:16:20+00:00,2020-08-20 05:18:04+00:00,20,205,Make beats with React!,699,2668,100,2668,43,1614 days 02:38:35,54 days 03:43:14.744186,0.033550965665046756,103,"['bug', 'duplicate', 'enhancement', 'help wanted', 'invalid', 'question', 'wontfix']",MIT License,2,v1.0.0,2016-08-26T11:57:40Z
oblador/react-native-lightbox,JavaScript,2015-08-04 00:33:28+00:00,2021-05-14 15:38:35+00:00,2021-05-10 03:16:21+00:00,83,486,Images etc in Full Screen Lightbox Popovers for React Native,452,2615,36,2615,64,1240 days 03:18:51,89 days 16:58:58.296875,0.07233670328714734,441,"['bug', 'dependencies', 'duplicate', 'enhancement', 'help wanted', 'invalid', 'question', 'wontfix']",MIT License,8,v0.8.1,2019-12-15T11:55:27Z
geist-org/react,TypeScript,2020-03-18 17:14:17+00:00,2021-05-16 13:43:06+00:00,2021-05-11 17:24:12+00:00,19,156,Modern and minimalist React UI library.,4585,1721,20,1721,484,196 days 23:28:00,5 days 01:48:30.121900,0.025764780907485532,780,"['bug', 'dependencies', 'duplicate', 'help wanted', 'need review', 'question', 'type: chore', 'type: documentation', 'type: feature', 'type: refactor', 'type: styles', 'type: test', 'work in progress']",MIT License,72,v2.1.5,2021-04-11T14:21:44Z
reactGo/reactGo,TypeScript,2014-11-17 09:51:09+00:00,2021-05-10 05:03:02+00:00,2021-05-08 22:28:57+00:00,12,586,Your One-Stop solution for a full-stack universal Redux App!,5221,2763,94,2763,997,1793 days 17:47:22,163 days 02:43:09.646940,0.09093466859696923,2264,"['Discussion', 'Documentaion', 'announcement', 'bug', 'dependencies', 'duplicate', 'enhancement', 'greenkeeper', 'help wanted', 'invalid', 'not verified', 'question', 'wontfix']",MIT License,0,,
